Linsolve Autovectorized 1 (GROUP_SIZE 8),363501387422,49.331502000
solver,368333593928,72.199723362
solver_rb_pragma,368353516440,23.866935338
solver_rb_intrinsics,368333593599,35.864059187
solver_rb_intrinsics_pragma,368962329830,67.205956832
solver_rb_pragma-4,368334863310,28.360988382
solver_rb_pragma-8,368336558955,17.359687490
solver_rb_pragma-16,368339950407,13.662285557
solver_rb_pragma-32,368346733374,12.424805397
solver_rb_intrinsics_pragma-4,368385653594,18.707319263
