Linsolve Autovectorized 1 (GROUP_SIZE 8),363501387422,49.331502000
solver,369943811487,75.833634768
solver_rb_pragma,363503459326,29.618631848
solver_rb_intrinsics,348468964392,34.849170934
solver_rb_intrinsics_pragma,369943801118,59.723043111
solver_rb_pragma-4,363501403124,29.194019479
solver_rb_intrinsics_pragma-4,369943800938,41.176474302
